{
  "name": "aneesh-apache",
  "version": "6.0.0",
  "author": "aneesh",
  "summary": "Puppet module for apache",
  "license": "Apache-2.0",
  "source": "https://github.com/aneesh-c/puppet-apache",
  "project_page": "https://github.com/aneesh-c/puppet-apache",
  "issues_url": "https://github.com/aneesh-c/puppet-apache/issues",
  "dependencies": [
  
  ],
  "data_provider": null,
  "tags": [
    "apache",
    "httpd",
    "apache2",
    "web",
    "proxy",
    "modsecurity",
    "modevasive"
  ],
  "operatingsystem_support": [
    {
      "operatingsystem": "RedHat",
      "operatingsystemrelease": [
        "6",
        "7"
      ]
    },
    {
      "operatingsystem": "CentOS",
      "operatingsystemrelease": [
        "6",
        "7"
      ]
    },
    {
      "operatingsystem": "Ubuntu",
      "operatingsystemrelease": [
        "14.04",
        "16.04",
        "18.04"
      ]
    },
    {
      "operatingsystem": "Debian",
      "operatingsystemrelease": [
        "7",
        "8",
        "9"
      ]
    }
  ]
}
